user_name,proportion
service-acco,0.8667686104027978
human,0.13323138959720215
